Feature,Importance
curricular_units_1st_sem_approved,0.3327138656971276
curricular_units_1st_sem_grade,0.2636459766777888
age_at_enrollment,0.1127521740537836
tuition_fees_up_to_date,0.0887571072580617
curricular_units_1st_sem_enrolled,0.07621727477222072
scholarship_holder,0.03895587333132009
debtor,0.028644776246133898
gender,0.028213649716373333
displaced,0.020299416803254516
marital_status,0.009799885443935707
