Feature,Importance
Curricular units 1st sem (approved),0.3327138656971276
Curricular units 1st sem (grade),0.2636459766777888
Age at enrollment,0.1127521740537836
Tuition fees up to date,0.0887571072580617
Curricular units 1st sem (enrolled),0.07621727477222072
Scholarship holder,0.03895587333132009
Debtor,0.028644776246133898
Gender,0.028213649716373333
Displaced,0.020299416803254516
Marital status,0.009799885443935707
