Feature,Importance
curricular_units_1st_sem_approved,0.2697532862880708
curricular_units_2nd_sem_grade,0.24362868230576049
curricular_units_1st_sem_grade,0.14407560131461988
admission_grade,0.07613893163228101
tuition_fees_up_to_date,0.0750128955009062
age_at_enrollment,0.07029275088020907
curricular_units_1st_sem_enrolled,0.048663868395183045
scholarship_holder,0.028853316323725623
debtor,0.023853966365111903
gender,0.01972670099413196
