Feature,Importance
curricular_units_2nd_sem_grade,0.2630472954508687
curricular_units_1st_sem_approved,0.24691810992218527
curricular_units_1st_sem_grade,0.17090263468455266
age_at_enrollment,0.08516064772121647
tuition_fees_up_to_date,0.07611193230759711
curricular_units_1st_sem_enrolled,0.06372750156175386
scholarship_holder,0.03264055032401455
debtor,0.022992485280644136
gender,0.022345910507050686
displaced,0.016152932240116616
