Feature,Importance
tuition_fees_up_to_date,0.20810486489710106
age_at_enrollment,0.19414236730977555
admission_grade,0.1266304342282607
scholarship_holder,0.11285079217238088
curricular_units_1st_sem_enrolled,0.11222829943955688
previous_qualification_grade,0.10695964855903163
gender,0.0591881470224206
debtor,0.04960424268493562
displaced,0.017322902982975494
marital_status,0.012968300703561532
